src_ip,dst_ip,src_port,dst_port,protocol,packet_count,byte_count,duration,capture_time,avg_packet_size,packets_per_second,syn_count,ack_count,fin_count,rst_count,syn_ratio,bytes_per_second
192.168.1.100,20.184.175.23,55837,443,6,444,454048,865.0806143283844,2026-06-27 10:48:02,1022.6306306306307,0.5132469652492498,0,444,0,0,0.0,524.8620677420977
192.168.1.100,20.192.44.82,56946,443,6,115,12672,766.0039930343628,2026-06-27 10:46:23,110.19130434782609,0.15012976570063535,0,115,0,0,0.0,16.542994703986533
192.168.1.100,20.192.44.82,56948,443,6,290,143958,789.543035030365,2026-06-27 10:46:49,496.4068965517241,0.3673010680017548,0,290,0,0,0.0,182.3307832668849
192.168.1.100,20.33.105.0,56941,443,6,8,456,264.4210436344147,2026-06-27 10:38:04,57.0,0.030254778099509747,0,8,1,0,0.0,1.7245223516720556
192.168.1.1,192.168.1.255,33362,20002,17,1,369,0.001,2026-06-27 10:33:40,369.0,1000.0,0,0,0,0,0.0,369000.0
192.168.1.1,192.168.1.100,53,60543,17,4,1206,22.365996599197388,2026-06-27 10:34:16,301.5,0.17884291371767183,0,0,0,0,0.0,53.92113848587806
192.168.1.1,192.168.1.255,49395,20002,17,1,369,0.001,2026-06-27 10:34:10,369.0,1000.0,0,0,0,0,0.0,369000.0
192.168.1.100,52.179.73.44,60253,443,6,17,9578,0.5942890644073486,2026-06-27 10:34:25,563.4117647058823,28.605607974552168,1,17,0,0,0.058823529411764705,16116.7360694271
192.168.1.1,192.168.1.100,53,51457,17,2,247,0.004761219024658203,2026-06-27 10:34:26,123.5,420.06049073610416,0,0,0,0,0.0,51877.470605908864
192.168.1.1,192.168.1.100,53,50731,17,2,509,0.0065059661865234375,2026-06-27 10:34:26,254.5,307.4101436528877,0,0,0,0,0.0,78235.88155965993
192.168.1.100,216.239.34.223,56845,443,17,20,11367,0.08559250831604004,2026-06-27 10:34:26,568.35,233.66531012448434,0,0,0,0,0.0,132803.67900925066
192.168.1.100,34.148.222.171,55848,443,6,5,315,1183.1455371379852,2026-06-27 10:54:33,63.0,0.004226022786761247,0,5,0,0,0.0,0.2662394355659585
192.168.1.1,192.168.1.100,53,49248,17,2,352,0.0030345916748046875,2026-06-27 10:34:59,176.0,659.0672532998115,0,0,0,0,0.0,115995.83658076682
192.168.1.1,192.168.1.100,53,54692,17,2,530,0.004735231399536133,2026-06-27 10:34:59,265.0,422.3658426061125,0,0,0,0,0.0,111926.94829061981
192.168.1.1,192.168.1.255,45103,20002,17,1,369,0.001,2026-06-27 10:35:10,369.0,1000.0,0,0,0,0,0.0,369000.0
192.168.1.1,192.168.1.100,53,52567,17,14,4150,236.56566643714905,2026-06-27 10:39:12,296.42857142857144,0.059180185404121316,0,0,0,0,0.0,17.542697816221676
192.168.1.1,192.168.1.100,53,49879,17,2,349,0.00814676284790039,2026-06-27 10:36:02,174.5,245.49628328943518,0,0,0,0,0.0,42839.101434006436
192.168.1.1,192.168.1.100,53,53979,17,2,612,0.010341405868530273,2026-06-27 10:36:02,306.0,193.39730259365993,0,0,0,0,0.0,59179.57459365994
192.168.1.1,192.168.1.100,53,49258,17,2,355,0.006792783737182617,2026-06-27 10:36:05,177.5,294.430100733565,0,0,0,0,0.0,52261.34288020778
192.168.1.1,192.168.1.100,53,49664,17,2,395,0.004991054534912109,2026-06-27 10:36:05,197.5,400.7169198433171,0,0,0,0,0.0,79141.59166905512
13.107.246.72,192.168.1.100,443,65507,6,96,81286,90.12325930595398,2026-06-27 10:37:35,846.7291666666666,1.0652078136022072,2,95,2,0,0.020833333333333332,901.9425243382187
192.168.1.1,239.255.255.250,1900,1900,17,80,27952,9294.30007147789,2026-06-27 13:11:29,349.4,0.008607425990635052,0,0,0,0,0.0,3.0074346411278867
192.168.1.100,202.62.64.138,65509,443,6,5,1660,0.001,2026-06-27 10:36:43,332.0,5000.0,0,5,0,0,0.0,1660000.0
192.168.1.1,192.168.1.100,53,64707,17,2,352,0.0016393661499023438,2026-06-27 10:37:03,176.0,1219.9837114601512,0,0,0,0,0.0,214717.1332169866
192.168.1.1,192.168.1.100,53,58994,17,2,530,0.002142667770385742,2026-06-27 10:37:03,265.0,933.4158228552353,0,0,0,0,0.0,247355.19305663736
192.168.1.100,20.190.146.34,65510,443,6,5,2198,0.08446764945983887,2026-06-27 10:37:17,439.6,59.194259956023856,2,4,0,0,0.4,26021.796676668087
140.82.112.21,192.168.1.100,443,65511,6,4,757,0.3022763729095459,2026-06-27 10:37:21,189.25,13.232923107744753,2,3,0,0,0.5,2504.3306981406945
192.168.1.1,192.168.1.100,53,51204,17,2,352,0.0031251907348632812,2026-06-27 10:38:04,176.0,639.9609398840403,0,0,0,0,0.0,112633.12541959109
192.168.1.1,192.168.1.100,53,52386,17,2,530,0.0036773681640625,2026-06-27 10:38:04,265.0,543.8672199170124,0,0,0,0,0.0,144124.8132780083
192.168.1.100,20.33.105.0,65512,443,6,12,6752,0.48184728622436523,2026-06-27 10:38:09,562.6666666666666,24.90415603256583,2,11,0,0,0.16666666666666666,14012.738460990375
192.168.1.100,202.62.64.138,65513,80,6,9,755,0.06391668319702148,2026-06-27 10:38:19,83.88888888888889,140.8083077818312,2,8,2,0,0.2222222222222222,11812.252486142506
192.168.1.100,4.213.25.242,49613,443,6,3,430,0.08045554161071777,2026-06-27 10:38:29,143.33333333333334,37.28767391207717,0,3,0,0,0.0,5344.566594064394
192.168.1.100,34.98.110.65,64274,443,6,3,168,3744.782707929611,2026-06-27 11:41:14,56.0,0.0008011145729891011,0,3,2,0,0.0,0.04486241608738966
192.168.1.100,23.65.124.17,65508,443,6,4,270,0.021904468536376953,2026-06-27 10:38:55,67.5,182.61114134575615,0,4,1,1,0.0,12326.252040838539
104.18.32.47,192.168.1.100,443,51230,6,8,4644,0.030724048614501953,2026-06-27 10:39:11,580.5,260.3823506588239,0,8,1,1,0.0,151151.95455744726
104.18.32.47,192.168.1.100,443,56802,6,374,381803,1.9818389415740967,2026-06-27 10:39:12,1020.8636363636364,188.71361953507005,1,374,0,0,0.00267379679144385,192650.87186991537
142.251.223.14,192.168.1.100,443,58701,6,137,136946,1.983351469039917,2026-06-27 10:39:12,999.6058394160584,69.07499862660133,1,137,0,0,0.0072992700729927005,69047.77198480691
192.168.1.100,192.178.211.84,49990,443,6,17,4618,0.1296992301940918,2026-06-27 10:39:11,271.6470588235294,131.07248188412458,0,17,2,0,0.0,35605.45419652278
172.67.223.188,192.168.1.100,443,63207,6,13,6468,1.9791786670684814,2026-06-27 10:39:12,497.53846153846155,6.568381226165565,1,13,2,0,0.07692307692307693,3268.0222900645285
192.168.1.100,34.210.180.80,49669,443,6,2,120,0.001,2026-06-27 10:39:11,60.0,2000.0,1,1,0,1,0.5,120000.0
172.67.223.188,192.168.1.100,443,53704,6,5,3190,0.15894341468811035,2026-06-27 10:39:11,638.0,31.45773613717399,2,4,0,0,0.4,20070.035655517004
192.168.1.100,192.178.211.84,60870,443,6,35,19412,1.4851124286651611,2026-06-27 10:39:11,554.6285714285714,23.567239304204374,2,34,0,0,0.05714285714285714,13071.064267806152
100.20.124.209,192.168.1.100,443,60287,6,2,120,0.001,2026-06-27 10:39:11,60.0,2000.0,1,1,0,1,0.5,120000.0
100.20.124.209,192.168.1.100,443,64522,6,2,120,0.001,2026-06-27 10:39:11,60.0,2000.0,1,1,0,1,0.5,120000.0
100.20.124.209,192.168.1.100,443,51423,6,2,120,0.001,2026-06-27 10:39:11,60.0,2000.0,1,1,0,1,0.5,120000.0
100.20.124.209,192.168.1.100,443,57265,6,2,120,0.001,2026-06-27 10:39:11,60.0,2000.0,1,1,0,1,0.5,120000.0
100.20.124.209,192.168.1.100,443,50417,6,2,120,0.001,2026-06-27 10:39:11,60.0,2000.0,1,1,0,1,0.5,120000.0
192.168.1.100,34.210.180.80,62419,443,6,9,6292,1.673964500427246,2026-06-27 10:39:12,699.1111111111111,5.3764581015325765,1,9,0,0,0.1111111111111111,3758.7415972047747
100.20.124.209,192.168.1.100,443,63420,6,2,120,0.001,2026-06-27 10:39:11,60.0,2000.0,1,1,0,1,0.5,120000.0
100.20.124.209,192.168.1.100,443,52962,6,3,1682,0.0026471614837646484,2026-06-27 10:39:11,560.6666666666666,1133.2893812483112,1,3,0,0,0.3333333333333333,635397.5797532198
100.20.124.209,192.168.1.100,443,53150,6,3,1682,0.0027282238006591797,2026-06-27 10:39:11,560.6666666666666,1099.6165341256662,1,3,0,0,0.3333333333333333,616518.3367997903
100.20.124.209,192.168.1.100,443,60800,6,3,1682,0.003553152084350586,2026-06-27 10:39:11,560.6666666666666,844.3207407904449,1,3,0,0,0.3333333333333333,473382.4953365094
100.20.124.209,192.168.1.100,443,51866,6,3,1682,0.0033273696899414062,2026-06-27 10:39:11,560.6666666666666,901.6130696474635,1,3,0,0,0.3333333333333333,505504.3943823445
100.20.124.209,192.168.1.100,443,62192,6,3,1682,0.002187967300415039,2026-06-27 10:39:11,560.6666666666666,1371.1356652500817,1,3,0,0,0.3333333333333333,768750.0629835458
100.20.124.209,192.168.1.100,443,57915,6,3,1682,0.0019941329956054688,2026-06-27 10:39:11,560.6666666666666,1504.413199426112,1,3,0,0,0.3333333333333333,843474.3338115735
192.168.1.1,192.168.1.100,53,62908,17,2,199,0.0060274600982666016,2026-06-27 10:39:12,99.5,331.8147225188877,0,0,0,0,0.0,33015.56489062933
192.168.1.1,192.168.1.100,53,61704,17,2,557,0.029930830001831055,2026-06-27 10:39:12,278.5,66.82073299930698,0,0,0,0,0.0,18609.574140306995
172.217.194.119,192.168.1.100,443,57517,6,1,66,0.001,2026-06-27 10:39:12,66.0,1000.0,1,0,0,0,1.0,66000.0
103.190.198.74,192.168.1.100,443,64676,6,2315,2392567,346.8661427497864,2026-06-27 10:45:25,1033.5062634989201,6.674044291690748,2,2314,0,0,0.0008639308855291577,6897.666578331602
172.67.168.245,192.168.1.100,443,63493,6,1,78,0.001,2026-06-27 10:39:38,78.0,1000.0,0,1,1,0,0.0,78000.0
108.157.238.13,192.168.1.100,443,65322,17,2,2484,0.001,2026-06-27 10:40:01,1242.0,2000.0,0,0,0,0,0.0,2484000.0
103.190.198.72,192.168.1.100,443,63615,6,766,717244,12.180194854736328,2026-06-27 10:40:13,936.3498694516971,62.888977486442855,2,765,0,0,0.0026109660574412533,58886.085859381485
142.251.223.14,192.168.1.100,443,64669,6,237,220161,96.99954533576965,2026-06-27 10:41:38,928.9493670886076,2.443310421503632,0,237,0,0,0.0,2269.7116696567978
142.250.76.202,192.168.1.100,443,53252,17,1,1292,0.001,2026-06-27 10:40:01,1292.0,1000.0,0,0,0,0,0.0,1292000.0
172.217.194.119,192.168.1.100,443,54096,6,45,37920,177.16422080993652,2026-06-27 10:42:59,842.6666666666666,0.25400162512653407,0,45,0,0,0.0,214.0387027732927
108.157.238.13,192.168.1.100,443,62165,6,79,51361,0.5123558044433594,2026-06-27 10:40:02,650.1392405063291,154.18972384987083,0,79,0,0,0.0,100244.78995763564
192.168.1.1,192.168.1.100,53,52562,17,2,269,0.003725767135620117,2026-06-27 10:40:02,134.5,536.8022013182313,0,0,0,0,0.0,72199.89607730211
192.168.1.1,192.168.1.100,53,64739,17,2,483,0.0071070194244384766,2026-06-27 10:40:02,241.5,281.4119225737193,0,0,0,0,0.0,67960.97930155322
172.217.141.201,192.168.1.100,443,56023,6,13,7838,0.1614971160888672,2026-06-27 10:40:03,602.9230769230769,80.49679347120029,2,12,0,0,0.15384615384615385,48533.37440209753
172.217.141.201,192.168.1.100,443,56915,17,8,9088,0.029912710189819336,2026-06-27 10:40:02,1136.0,267.44484031148625,0,0,0,0,0.0,303817.3385938484
192.168.1.100,99.86.147.37,56690,443,17,2,2484,0.001,2026-06-27 10:40:11,1242.0,2000.0,0,0,0,0,0.0,2484000.0
172.67.223.188,192.168.1.100,443,58798,6,41,32714,136.6089437007904,2026-06-27 10:42:28,797.9024390243902,0.30012676248929065,0,41,0,0,0.0,239.47187580669888
100.20.124.209,192.168.1.100,443,51724,6,18,6051,55.63679504394531,2026-06-27 10:41:07,336.1666666666667,0.3235269031183861,1,18,1,0,0.05555555555555555,108.75896059829746
192.168.1.1,192.168.1.100,53,62001,17,4,806,0.4588632583618164,2026-06-27 10:40:12,201.5,8.717193907135568,0,0,0,0,0.0,1756.514572287817
142.251.43.131,192.168.1.100,80,51725,6,9,4245,0.43779945373535156,2026-06-27 10:40:12,471.6666666666667,20.55735776555005,2,8,0,0,0.2222222222222222,9696.220412751107
100.20.124.209,192.168.1.100,443,57227,6,20,12213,0.6574571132659912,2026-06-27 10:40:12,610.65,30.420235170394278,0,20,0,0,0.0,18576.116606801264
192.168.1.100,99.86.147.105,63350,443,17,2,2484,0.001,2026-06-27 10:40:11,1242.0,2000.0,0,0,0,0,0.0,2484000.0
192.168.1.1,192.168.1.100,53,60930,17,2,298,0.014472007751464844,2026-06-27 10:40:11,149.0,138.19782537067545,0,0,0,0,0.0,20591.475980230643
192.168.1.1,192.168.1.100,53,65338,17,2,573,0.017110824584960938,2026-06-27 10:40:11,286.5,116.88507412774496,0,0,0,0,0.0,33487.57373759893
192.168.1.100,54.192.26.193,51726,80,6,15,10436,0.08708000183105469,2026-06-27 10:40:12,695.7333333333333,172.2553937137225,2,14,0,0,0.13333333333333333,119843.81925309385
192.168.1.100,99.86.147.37,64852,443,17,2,2484,0.001,2026-06-27 10:40:12,1242.0,2000.0,0,0,0,0,0.0,2484000.0
192.168.1.1,192.168.1.100,53,64134,17,2,321,0.05664515495300293,2026-06-27 10:40:12,160.5,35.30752103440003,0,0,0,0,0.0,5666.857126021205
192.168.1.1,192.168.1.100,53,56657,17,2,532,0.05158591270446777,2026-06-27 10:40:12,266.0,38.77027457976494,0,0,0,0,0.0,10312.893038217473
192.168.1.100,32.185.1.69,50191,443,6,12,7281,0.6710214614868164,2026-06-27 10:40:12,606.75,17.883183606990734,2,11,0,0,0.16666666666666666,10850.621653541628
169.150.207.216,192.168.1.100,443,57300,6,18,9292,0.532142162322998,2026-06-27 10:40:13,516.2222222222222,33.825547521781246,2,17,0,0,0.1111111111111111,17461.499309577295
172.67.168.245,192.168.1.100,443,64297,6,3,475,0.09235119819641113,2026-06-27 10:40:12,158.33333333333334,32.48468951772175,0,3,0,0,0.0,5143.409173639277
192.168.1.100,32.185.1.69,56842,443,6,4,1754,0.3079097270965576,2026-06-27 10:40:12,438.5,12.990820516513391,2,3,0,0,0.5,5696.474796491122
192.168.1.100,44.224.93.14,62078,443,6,11,4805,0.30070924758911133,2026-06-27 10:40:44,436.8181818181818,36.580185305875204,0,11,0,0,0.0,15978.89003588458
192.168.1.100,44.224.93.14,57580,443,6,4,495,0.04227590560913086,2026-06-27 10:40:44,123.75,94.61654203182982,0,4,0,0,0.0,11708.797076438941
103.190.198.73,192.168.1.100,443,54449,6,2,121,0.02129530906677246,2026-06-27 10:41:06,60.5,93.91739719432596,0,2,0,0,0.0,5682.00253025672
13.89.179.9,192.168.1.100,443,59938,6,3,187,1.0181026458740234,2026-06-27 10:41:38,62.333333333333336,2.946657699160139,0,3,1,1,0.0,183.67499658098203
192.168.1.100,99.86.147.37,57223,443,6,12,742,149.97572374343872,2026-06-27 10:44:08,61.833333333333336,0.080012949432591,0,10,2,3,0.0,4.947467373248544
192.168.1.1,192.168.1.100,53,61333,17,2,247,0.0034127235412597656,2026-06-27 10:42:27,123.5,586.0421964510269,0,0,0,0,0.0,72376.21126170183
192.168.1.1,192.168.1.100,53,59005,17,2,509,0.009175539016723633,2026-06-27 10:42:27,254.5,217.9708457840717,0,0,0,0,0.0,55473.58025204625
192.168.1.100,216.239.32.223,58579,443,17,18,9988,0.0864725112915039,2026-06-27 10:42:27,554.8888888888889,208.1586359776339,0,0,0,0,0.0,115504.91423025598
172.67.204.232,192.168.1.100,443,49757,6,2,121,0.22774600982666016,2026-06-27 10:43:32,60.5,8.781712582021616,0,2,0,0,0.0,531.2936112123077
192.168.1.100,99.86.147.105,57635,443,6,7,453,0.028741836547851562,2026-06-27 10:44:08,64.71428571428571,243.54741522330613,0,6,1,2,0.0,15760.997013736811
192.168.1.1,192.168.1.255,42061,20002,17,1,369,0.001,2026-06-27 10:44:10,369.0,1000.0,0,0,0,0,0.0,369000.0
192.168.1.100,52.36.2.220,60734,443,6,5,353,0.0032362937927246094,2026-06-27 10:45:25,70.6,1544.9771622218948,0,5,1,1,0.0,109075.38765286577
16.145.133.188,192.168.1.100,443,52892,6,2,121,0.2866249084472656,2026-06-27 10:46:23,60.5,6.97776062392696,0,2,0,0,0.0,422.1545177475811
16.145.133.188,192.168.1.100,443,58201,6,2,121,0.3007206916809082,2026-06-27 10:46:23,60.5,6.650689677590195,0,2,0,0,0.0,402.36672549420683
192.168.1.1,192.168.1.100,53,52330,17,2,628,0.010677576065063477,2026-06-27 10:47:20,314.0,187.30842916154964,0,0,0,0,0.0,58814.84675672658
103.190.198.72,192.168.1.100,443,57184,6,295,341605,1.1856892108917236,2026-06-27 10:48:02,1157.9830508474577,248.80044221549318,0,295,0,0,0.0,288106.69512889336
192.168.1.1,192.168.1.100,53,60439,17,2,349,0.009211063385009766,2026-06-27 10:48:02,174.5,217.13019620023815,0,0,0,0,0.0,37889.21923694156
192.168.1.1,192.168.1.100,53,51524,17,2,527,0.007460355758666992,2026-06-27 10:48:02,263.5,268.08373014604837,0,0,0,0,0.0,70640.06289348374
192.168.1.1,192.168.1.100,53,55224,17,2,247,0.002542257308959961,2026-06-27 10:48:02,123.5,786.702428959955,0,0,0,0,0.0,97157.74997655443
192.168.1.1,192.168.1.100,53,59097,17,2,509,0.0123291015625,2026-06-27 10:48:02,254.5,162.21782178217822,0,0,0,0,0.0,41284.43564356436
192.168.1.100,216.239.34.223,57091,443,17,21,12651,0.20385050773620605,2026-06-27 10:48:02,602.4285714285714,103.01666762182008,0,0,0,0,0.0,62060.183908745035
192.168.1.100,20.202.56.105,51046,50545,17,4463,3549715,455.08813190460205,2026-06-27 10:58:00,795.3652251848532,9.806891648265522,0,0,0,0,0.0,7800.060584186163
192.168.1.1,192.168.1.100,53,57954,17,2,355,0.021860122680664062,2026-06-27 10:51:06,177.5,91.49079486955763,0,0,0,0,0.0,16239.616089346478
192.168.1.1,192.168.1.100,53,62364,17,2,395,0.025079965591430664,2026-06-27 10:51:06,197.5,79.74492599317445,0,0,0,0,0.0,15749.622883651955
13.89.179.8,192.168.1.100,443,59879,6,2,114,0.25481200218200684,2026-06-27 10:51:06,57.0,7.848923845319665,0,2,1,1,0.0,447.3886591832209
13.107.246.72,192.168.1.100,443,51150,6,99,81672,0.1659255027770996,2026-06-27 10:51:06,824.969696969697,596.6533073158396,2,98,0,0,0.020202020202020204,492220.8981323156
192.168.1.100,20.192.44.82,53940,443,6,17,1497,301.428409576416,2026-06-27 10:56:08,88.05882352941177,0.0563981345483969,0,17,0,0,0.0,4.966353377585304
192.168.1.100,20.192.44.82,53939,443,6,8,701,300.0871322154999,2026-06-27 10:56:07,87.625,0.026658923829679593,0,8,0,0,0.0,2.3359882005756742
192.168.1.1,192.168.1.100,53,51857,17,2,247,0.004819154739379883,2026-06-27 10:53:32,123.5,415.0105377727205,0,0,0,0,0.0,51253.80141493098
192.168.1.1,192.168.1.100,53,55460,17,2,509,0.007444620132446289,2026-06-27 10:53:32,254.5,268.6503763010408,0,0,0,0,0.0,68371.5207686149
192.168.1.100,216.239.34.223,50695,443,17,24,14071,0.6454527378082275,2026-06-27 10:53:33,586.2916666666666,37.18320272603866,0,0,0,0,0.0,21800.20189825375
192.168.1.1,192.168.1.100,53,63437,17,2,355,0.026746273040771484,2026-06-27 10:56:06,177.5,74.7767734574174,0,0,0,0,0.0,13272.87728869159
192.168.1.1,192.168.1.100,53,60453,17,2,395,0.02387690544128418,2026-06-27 10:56:06,197.5,83.76294846575534,0,0,0,0,0.0,16543.18232198668
13.107.246.72,192.168.1.100,443,51946,6,102,81905,0.15908098220825195,2026-06-27 10:56:06,802.9901960784314,641.1828653815603,2,101,0,0,0.0196078431372549,514863.55479486956
103.190.198.72,192.168.1.100,443,53265,6,1847,2009129,95.35026001930237,2026-06-27 10:58:00,1087.7796426637792,19.37068655739481,0,1847,0,0,0.0,21071.038501554995
142.250.205.142,192.168.1.100,443,65320,6,6,4291,0.09122109413146973,2026-06-27 10:57:17,715.1666666666666,65.77426040683831,0,6,0,0,0.0,47039.55856762387
192.168.1.100,20.192.44.82,57576,443,6,216,48572,5698.808481693268,2026-06-27 13:06:11,224.87037037037038,0.03790265994968489,0,216,0,0,0.0,8.523185180907845
192.168.1.100,4.213.25.240,49615,443,6,4,228,0.0377047061920166,2026-06-27 11:31:12,57.0,106.08755256252174,0,4,2,0,0.0,6046.990496063739
192.168.1.1,192.168.1.100,53,54415,17,4,1244,0.06670331954956055,2026-06-27 11:31:12,311.0,59.96703053178637,0,0,0,0,0.0,18649.74649538556
192.168.1.100,20.247.185.124,56757,443,6,39,20344,0.497420072555542,2026-06-27 11:31:13,521.6410256410256,78.40455613227239,2,38,2,0,0.05128205128205128,40899.03307576794
192.168.1.1,192.168.1.100,53,56778,17,4,939,0.18459296226501465,2026-06-27 11:31:12,234.75,21.66929849826733,0,0,0,0,0.0,5086.867822468256
192.168.1.100,192.168.1.255,137,137,17,6,660,42.96665668487549,2026-06-27 11:31:55,110.0,0.1396431666537377,0,0,0,0,0.0,15.360748331911145
192.168.1.100,20.202.41.38,56779,3478,17,2,312,0.03677177429199219,2026-06-27 11:31:12,156.0,54.389543026090564,0,0,0,0,0.0,8484.768712070128
192.168.1.100,20.202.41.38,56783,3478,17,2,164,0.035169363021850586,2026-06-27 11:31:12,82.0,56.86767766471653,0,0,0,0,0.0,4663.149568506756
192.168.1.100,20.202.56.122,56779,3478,17,20,3556,1.3695077896118164,2026-06-27 11:31:14,177.8,14.603786960327513,0,0,0,0,0.0,2596.553321546232
192.168.1.100,4.213.25.240,49616,443,6,33,12083,42.97705817222595,2026-06-27 11:31:55,366.1515151515151,0.7678515329680323,2,32,0,0,0.06060606060606061,281.15000220765864
192.168.1.100,20.42.72.131,54055,443,6,8,12755,0.4594569206237793,2026-06-27 11:31:13,1594.375,17.411860918622885,0,8,0,0,0.0,27761.035752129363
140.82.113.22,192.168.1.100,443,58397,6,3,188,1.0024852752685547,2026-06-27 11:31:14,62.666666666666664,2.9925626580363818,0,3,1,0,0.0,187.53392657027993
192.168.1.100,20.247.185.124,50581,443,6,36,20180,0.3591954708099365,2026-06-27 11:31:13,560.5555555555555,100.2239808837927,2,35,2,0,0.05555555555555555,56181.1092843038
192.168.1.100,20.189.172.33,54056,443,6,3,188,1.0118625164031982,2026-06-27 11:31:14,62.666666666666664,2.9648296595311234,0,3,1,0,0.0,185.79599199728372
192.168.1.100,20.202.41.18,56783,3478,17,2,164,0.03735065460205078,2026-06-27 11:31:13,82.0,53.54658496106217,0,0,0,0,0.0,4390.819966807098
192.168.1.100,20.247.185.124,50582,443,6,42,24002,0.4336874485015869,2026-06-27 11:31:13,571.4761904761905,96.8439371374759,2,41,2,0,0.047619047619047616,55344.00426604039
192.168.1.100,20.202.56.73,56779,3478,17,2,164,0.0323331356048584,2026-06-27 11:31:13,82.0,61.85604837223021,0,0,0,0,0.0,5072.195966522877
103.126.33.50,192.168.1.100,39263,56783,17,3,474,0.604485034942627,2026-06-27 11:31:14,158.0,4.962902018384519,0,0,0,0,0.0,784.138518904754
103.126.33.50,192.168.1.100,41200,56779,17,3,474,0.6035783290863037,2026-06-27 11:31:14,158.0,4.970357376053241,0,0,0,0,0.0,785.316465416412
192.168.1.100,20.202.56.73,56779,50186,17,4,552,0.08130264282226562,2026-06-27 11:31:13,138.0,49.19889269459954,0,0,0,0,0.0,6789.447191854737
192.168.1.100,20.247.185.124,50583,443,6,35,20166,0.39945220947265625,2026-06-27 11:31:14,576.1714285714286,87.61999350612143,2,34,2,0,0.05714285714285714,50484.136829841285
192.168.1.100,20.247.185.124,50584,443,6,1,66,0.001,2026-06-27 11:31:14,66.0,1000.0,1,0,0,0,1.0,66000.0
192.168.1.100,20.192.44.82,60547,443,6,40,7694,523.380234003067,2026-06-27 11:40:38,192.35,0.07642627176433568,0,40,0,0,0.0,14.700593373869967
192.168.1.100,216.239.38.223,57232,443,17,3,1419,0.09248805046081543,2026-06-27 11:31:55,473.0,32.4366227318308,0,0,0,0,0.0,15342.52255215597
103.126.33.50,192.168.1.100,59677,53765,17,2,316,0.8105828762054443,2026-06-27 11:31:55,158.0,2.46736028937909,0,0,0,0,0.0,389.84292572189617
192.168.1.100,20.202.56.73,53768,3478,17,2,164,0.03591418266296387,2026-06-27 11:31:55,82.0,55.68830617054469,0,0,0,0,0.0,4566.441105984665
103.126.33.50,192.168.1.100,39279,53768,17,4,632,0.8578364849090576,2026-06-27 11:31:56,158.0,4.662893302357097,0,0,0,0,0.0,736.7371417724214
192.168.1.100,20.202.56.25,53768,3478,17,18,3096,0.8367123603820801,2026-06-27 11:31:56,172.0,21.512769324670188,0,0,0,0,0.0,3700.1963238432722
192.168.1.100,20.202.56.73,53768,50510,17,1632,1122068,997.6433670520782,2026-06-27 11:48:33,687.5416666666666,1.6358551100503709,0,0,0,0,0.0,1124.7185487892154
192.168.1.100,20.192.44.82,60275,443,6,1,81,0.001,2026-06-27 11:31:56,81.0,1000.0,0,1,0,0,0.0,81000.0
192.168.1.100,20.207.73.85,60269,443,6,4,296,1.2712857723236084,2026-06-27 11:32:09,74.0,3.146420802530457,0,4,0,0,0.0,232.83513938725383
192.168.1.100,20.207.73.85,60268,443,6,2,186,1.208069086074829,2026-06-27 11:32:09,93.0,1.655534458296798,0,2,0,0,0.0,153.9647046216022
13.107.6.158,192.168.1.100,443,60278,6,4,228,0.033149003982543945,2026-06-27 11:32:50,57.0,120.66727561728173,0,4,2,0,0.0,6878.034710185058
140.82.112.21,192.168.1.100,443,61380,6,1,54,0.001,2026-06-27 11:32:52,54.0,1000.0,0,1,1,0,0.0,54000.0
140.82.112.21,192.168.1.100,443,51753,6,5,300,0.2919199466705322,2026-06-27 11:32:52,60.0,17.12798339759605,0,4,2,2,0.0,1027.6790038557629
192.168.1.100,52.168.112.67,61603,443,6,3,168,0.22544503211975098,2026-06-27 11:32:52,56.0,13.307013118862926,0,3,2,0,0.0,745.1927346563239
142.250.67.46,192.168.1.100,443,54232,6,1,127,0.001,2026-06-27 11:33:05,127.0,1000.0,0,1,0,0,0.0,127000.0
192.168.1.1,192.168.1.100,53,63925,17,2,203,0.002693653106689453,2026-06-27 11:35:11,101.5,742.4861037351743,0,0,0,0,0.0,75362.3395291202
192.168.1.1,192.168.1.100,53,63079,17,2,495,0.007633686065673828,2026-06-27 11:35:11,247.5,261.9966268973702,0,0,0,0,0.0,64844.16515709913
172.64.155.209,192.168.1.100,443,61021,6,19,11033,0.19593358039855957,2026-06-27 11:35:12,580.6842105263158,96.97163682382073,2,18,0,0,0.10526315789473684,56309.89837248496
192.168.1.100,192.178.211.84,56361,443,6,1,127,0.001,2026-06-27 11:35:13,127.0,1000.0,0,1,0,0,0.0,127000.0
192.168.1.1,192.168.1.100,53,53344,17,2,355,0.003381490707397461,2026-06-27 11:36:54,177.5,591.4551223295495,0,0,0,0,0.0,104983.28421349503
192.168.1.1,192.168.1.100,53,58387,17,2,395,0.0065228939056396484,2026-06-27 11:36:54,197.5,306.61237618334,0,0,0,0,0.0,60555.94429620966
13.107.213.72,192.168.1.100,443,51722,6,17,5489,0.08478188514709473,2026-06-27 11:36:55,322.88235294117646,200.51453173641244,2,16,0,0,0.11764705882352941,64742.603805951054
192.168.1.1,192.168.1.100,53,53751,17,2,247,0.035854339599609375,2026-06-27 11:37:28,123.5,55.78125332482179,0,0,0,0,0.0,6888.984785615491
192.168.1.1,192.168.1.100,53,50131,17,2,509,0.006632089614868164,2026-06-27 11:37:28,254.5,301.5640795197182,0,0,0,0,0.0,76748.05823776827
192.168.1.100,216.239.34.223,63038,443,17,24,14068,0.6652488708496094,2026-06-27 11:37:29,586.1666666666666,36.07672414287435,0,0,0,0,0.0,21146.973135081513
192.168.1.100,20.33.105.0,61554,443,6,2,114,0.001,2026-06-27 11:37:28,57.0,2000.0,0,2,0,0,0.0,114000.0
103.190.198.72,192.168.1.100,443,58614,6,1880,1881790,1.373466968536377,2026-06-27 11:38:05,1000.9521276595744,1368.7988448702233,0,1880,0,0,0.0,1370102.1161108178
192.168.1.1,192.168.1.255,37033,20002,17,1,369,0.001,2026-06-27 11:38:40,369.0,1000.0,0,0,0,0,0.0,369000.0
172.217.24.142,192.168.1.100,443,60524,6,1,60,0.001,2026-06-27 11:41:14,60.0,1000.0,0,1,0,0,0.0,60000.0
192.168.1.100,23.63.84.176,58331,443,6,29,20196,0.07470893859863281,2026-06-27 11:41:14,696.4137931034483,388.17309607087236,0,29,0,0,0.0,270329.09821542545
192.168.1.100,34.98.110.65,60523,443,6,2,406,0.050913095474243164,2026-06-27 11:41:14,203.0,39.28262427123089,0,2,0,0,0.0,7974.37272705987
192.168.1.1,192.168.1.100,53,51424,17,2,235,0.0024902820587158203,2026-06-27 11:41:14,117.5,803.121876495931,0,0,0,0,0.0,94366.8204882719
192.168.1.1,192.168.1.100,53,51869,17,2,449,0.03976750373840332,2026-06-27 11:41:14,224.5,50.29231940622433,0,0,0,0,0.0,11290.625706697363
192.168.1.1,192.168.1.100,53,56461,17,2,245,0.09292435646057129,2026-06-27 11:41:14,122.5,21.522882440930537,0,0,0,0,0.0,2636.553099013991
142.251.43.142,192.168.1.100,443,49669,6,3,186,0.34278345108032227,2026-06-27 11:41:14,62.0,8.751881079862951,2,2,0,0,0.6666666666666666,542.616626951503
192.168.1.1,192.168.1.100,53,57784,17,2,507,0.1822817325592041,2026-06-27 11:41:14,253.5,10.972026499421224,0,0,0,0,0.0,2781.4087176032804
192.168.1.1,192.168.1.100,53,53822,17,2,208,0.016460180282592773,2026-06-27 11:41:14,104.0,121.5053520473935,0,0,0,0,0.0,12636.556612928924
192.168.1.1,192.168.1.100,53,51310,17,2,422,0.031264305114746094,2026-06-27 11:41:14,211.0,63.97071652990879,0,0,0,0,0.0,13497.821187810756
192.168.1.1,192.168.1.100,53,51540,17,2,421,0.08969783782958984,2026-06-27 11:41:14,210.5,22.297081494870024,0,0,0,0,0.0,4693.53565467014
192.168.1.1,192.168.1.100,53,51958,17,2,524,0.19866180419921875,2026-06-27 11:41:14,262.0,10.067360497714967,0,0,0,0,0.0,2637.648450401321
192.168.1.1,192.168.1.100,53,49765,17,1,77,0.001,2026-06-27 11:41:14,77.0,1000.0,0,0,0,0,0.0,77000.0
192.168.1.1,192.168.1.100,53,50318,17,1,77,0.001,2026-06-27 11:41:14,77.0,1000.0,0,0,0,0,0.0,77000.0
192.168.1.1,192.168.1.100,53,65370,17,2,543,0.7316737174987793,2026-06-27 11:41:15,271.5,2.7334588521738676,0,0,0,0,0.0,742.134078365205
192.168.1.1,192.168.1.100,53,52880,17,2,502,0.6938357353210449,2026-06-27 11:41:15,251.0,2.882526653192026,0,0,0,0,0.0,723.5141899511985
192.168.1.1,192.168.1.100,53,50771,17,2,224,0.11177945137023926,2026-06-27 11:41:14,112.0,17.892376241636217,0,0,0,0,0.0,2003.9461390632566
192.168.1.1,192.168.1.100,53,49278,17,2,606,0.6552078723907471,2026-06-27 11:41:15,303.0,3.0524663763613296,0,0,0,0,0.0,924.8973120374828
192.168.1.1,192.168.1.100,53,62192,17,2,525,0.44575953483581543,2026-06-27 11:41:15,262.5,4.486723992873536,0,0,0,0,0.0,1177.7650481293033
192.168.1.1,192.168.1.100,53,55514,17,2,490,0.6601624488830566,2026-06-27 11:41:15,245.0,3.0295573512002143,0,0,0,0,0.0,742.2415510440525
192.168.1.1,192.168.1.100,53,65083,17,2,631,0.6140103340148926,2026-06-27 11:41:15,315.5,3.257274168208854,0,0,0,0,0.0,1027.6700000698936
192.168.1.1,192.168.1.100,53,54633,17,1,85,0.001,2026-06-27 11:41:14,85.0,1000.0,0,0,0,0,0.0,85000.0
192.168.1.1,192.168.1.100,53,54559,17,1,69,0.001,2026-06-27 11:41:14,69.0,1000.0,0,0,0,0,0.0,69000.0
192.168.1.100,216.239.38.223,63359,443,6,3,186,0.3877711296081543,2026-06-27 11:41:15,62.0,7.736522321895194,2,2,0,0,0.6666666666666666,479.664383957502
192.168.1.100,192.178.211.84,50115,443,6,3,186,0.43311309814453125,2026-06-27 11:41:15,62.0,6.926597262590498,2,2,0,0,0.6666666666666666,429.4490302806109
192.168.1.100,192.178.211.84,63534,443,6,3,186,0.3981056213378906,2026-06-27 11:41:15,62.0,7.535688619311812,2,2,0,0,0.6666666666666666,467.2126943973323
192.168.1.1,192.168.1.100,53,65504,17,1,85,0.001,2026-06-27 11:41:14,85.0,1000.0,0,0,0,0,0.0,85000.0
192.168.1.1,192.168.1.100,53,49895,17,2,484,0.29952430725097656,2026-06-27 11:41:15,242.0,6.677254405012832,0,0,0,0,0.0,1615.8955660131053
192.168.1.1,192.168.1.100,53,57516,17,2,515,0.47800183296203613,2026-06-27 11:41:15,257.5,4.184084373916709,0,0,0,0,0.0,1077.4017262835525
142.251.151.119,192.168.1.100,443,51838,6,3,186,0.26502490043640137,2026-06-27 11:41:15,62.0,11.319691074537038,2,2,0,0,0.6666666666666666,701.8208466212965
192.168.1.1,192.168.1.100,53,57739,17,2,615,0.08108282089233398,2026-06-27 11:41:15,307.5,24.666137388778132,0,0,0,0,0.0,7584.837247049276
192.168.1.100,20.207.73.82,60872,443,6,3,186,0.16242504119873047,2026-06-27 11:41:15,62.0,18.47005842116079,2,2,0,0,0.6666666666666666,1145.143622111969
104.18.10.249,192.168.1.100,443,60969,6,3,186,0.19488167762756348,2026-06-27 11:41:15,62.0,15.393956150835644,2,2,0,0,0.6666666666666666,954.42528135181
172.66.40.114,192.168.1.100,443,55024,6,3,186,0.08928179740905762,2026-06-27 11:41:15,62.0,33.60147406368917,2,2,0,0,0.6666666666666666,2083.2913919487282
104.21.55.88,192.168.1.100,443,60573,6,1,66,0.001,2026-06-27 11:41:15,66.0,1000.0,1,0,0,0,1.0,66000.0
104.20.22.7,192.168.1.100,443,64878,6,1,66,0.001,2026-06-27 11:41:15,66.0,1000.0,1,0,0,0,1.0,66000.0
192.168.1.1,192.168.1.100,53,50654,17,2,320,0.04139876365661621,2026-06-27 11:41:15,160.0,48.310621461768385,0,0,0,0,0.0,7729.699433882941
192.168.1.100,23.65.124.104,59713,443,6,41,58368,0.9728295803070068,2026-06-27 11:47:46,1423.6097560975609,42.14510005653936,0,41,0,0,0.0,59998.17561219731
192.168.1.1,192.168.1.100,53,60344,17,2,330,0.008243322372436523,2026-06-27 11:47:45,165.0,242.62062183658713,0,0,0,0,0.0,40032.40260303688
192.168.1.1,192.168.1.100,53,65241,17,2,609,0.07916975021362305,2026-06-27 11:47:45,304.5,25.26217393137426,0,0,0,0,0.0,7692.3319621034625
192.168.1.100,23.65.124.89,64260,443,6,5,1517,0.09032773971557617,2026-06-27 11:47:45,303.4,55.3539811329719,0,5,0,0,0.0,16794.397875743674
184.28.110.4,192.168.1.100,443,57662,6,28,14340,0.09566140174865723,2026-06-27 11:47:45,512.1428571428571,292.69903522392224,2,27,0,0,0.07142857142857142,149903.72018253733
172.171.87.38,192.168.1.100,443,60255,6,3,192,0.003256082534790039,2026-06-27 11:47:45,64.0,921.3525664494398,0,3,1,0,0.0,58966.56425276415
18.97.36.46,192.168.1.100,443,64426,6,21,2426,3037.8618807792664,2026-06-27 12:38:24,115.52380952380952,0.006912756676947117,0,21,0,0,0.0,0.7985879856320812
192.168.1.1,192.168.1.100,53,62809,17,4,1222,0.3515465259552002,2026-06-27 11:47:46,305.5,11.378294776577441,0,0,0,0,0.0,3476.069054244408
192.168.1.100,52.123.253.100,57663,443,6,15,10629,0.29413318634033203,2026-06-27 11:47:46,708.6,50.99730563093953,2,14,0,0,0.13333333333333333,36136.69077008375
192.168.1.100,216.239.38.223,60314,443,17,1,66,0.001,2026-06-27 11:48:31,66.0,1000.0,0,0,0,0,0.0,66000.0
192.168.1.100,20.184.175.9,64780,443,6,5,2028,0.23767805099487305,2026-06-27 11:48:32,405.6,21.036860488677835,0,5,0,0,0.0,8532.550614207728
192.168.1.100,35.157.61.194,50867,443,6,33,2353,4838.217170238495,2026-06-27 13:09:11,71.3030303030303,0.006820694243117925,0,33,0,0,0.0,0.48633616830474174
192.168.1.100,3.71.145.122,52933,443,6,29,5213,1353.2030725479126,2026-06-27 12:11:06,179.75862068965517,0.021430634165939794,0,29,0,0,0.0,3.8523412381739357
150.171.69.254,192.168.1.100,443,59580,6,2,121,0.021718978881835938,2026-06-27 11:48:33,60.5,92.08536049881444,0,2,0,0,0.0,5571.164310178274
13.107.213.254,192.168.1.100,443,62120,6,1,55,0.001,2026-06-27 11:48:33,55.0,1000.0,0,1,0,0,0.0,55000.0
192.168.1.100,34.159.51.182,61607,7500,6,6,405,2356.1292095184326,2026-06-27 12:34:39,67.5,0.002546549644120042,0,6,0,0,0.0,0.1718921009781028
140.82.114.25,192.168.1.100,443,63853,6,5,388,119.999844789505,2026-06-27 11:57:23,77.6,0.04166672055926936,0,5,0,0,0.0,3.233337515399302
104.20.42.169,192.168.1.100,443,62617,6,16,1078,399.4839873313904,2026-06-27 12:02:03,67.375,0.04005166792011431,0,16,1,1,0.0,2.6984811261177017
192.168.1.100,74.125.200.188,60566,5228,6,12,758,4274.5937712192535,2026-06-27 13:06:57,63.166666666666664,0.0028072843040187205,0,12,0,0,0.0,0.17732679187051584
192.168.1.100,20.192.44.82,56308,443,6,80,6019,4685.134071111679,2026-06-27 13:13:48,75.2375,0.017075285100863244,0,80,0,0,0.0,1.2847017627761983
192.168.1.100,74.125.200.119,51510,443,6,6,433,0.08789324760437012,2026-06-27 11:56:02,72.16666666666667,68.2646296904118,0,6,2,0,0.0,4926.4307759913845
192.168.1.100,216.239.34.223,61947,443,17,3,1419,0.09605956077575684,2026-06-27 11:56:40,473.0,31.230623748147817,0,0,0,0,0.0,14772.085032873918
192.168.1.100,192.178.211.84,63450,443,6,2,121,0.03814578056335449,2026-06-27 11:56:41,60.5,52.4304384512016,0,2,0,0,0.0,3172.0415262976967
192.168.1.100,20.192.44.82,56307,443,6,3,168,0.03614950180053711,2026-06-27 11:56:42,56.0,82.98869557188272,0,3,2,0,0.0,4647.366952025432
192.168.1.100,3.71.145.122,60639,443,6,22,3814,814.2536222934723,2026-06-27 12:10:35,173.36363636363637,0.027018608695941162,0,22,0,0,0.0,4.684044253014527
192.168.1.100,4.213.25.240,49619,443,6,3,187,2905.258100748062,2026-06-27 12:46:48,62.333333333333336,0.0010326104931012992,0,3,0,0,0.0,0.06436605406998097
192.168.1.100,20.202.170.36,50070,50309,17,4556,3398582,579.6079089641571,2026-06-27 12:09:26,745.9574187884109,7.860486252063449,0,0,0,0,0.0,5863.58803501104
192.168.1.1,192.168.1.100,53,60676,17,2,281,0.004294633865356445,2026-06-27 12:00:54,140.5,465.6974407372453,0,0,0,0,0.0,65430.49042358297
192.168.1.1,192.168.1.100,53,62923,17,2,308,0.008115053176879883,2026-06-27 12:00:54,154.0,246.45556306372478,0,0,0,0,0.0,37954.156711813615
13.107.5.93,192.168.1.100,443,60626,6,19,8842,0.3592700958251953,2026-06-27 12:00:54,465.36842105263156,52.88500273411162,2,18,0,0,0.10526315789473684,24611.010219737633
192.168.1.1,192.168.1.100,53,59242,17,4,1121,0.1448979377746582,2026-06-27 12:01:29,280.25,27.605637881615017,0,0,0,0,0.0,7736.480016322608
192.168.1.100,20.190.146.32,60007,443,6,34,31963,0.45920252799987793,2026-06-27 12:01:29,940.0882352941177,74.04140423201032,2,33,0,0,0.058823529411764705,69605.453043169
192.168.1.100,40.74.78.229,60008,443,6,17,10332,0.273082971572876,2026-06-27 12:01:29,607.7647058823529,62.25214227780334,2,16,0,0,0.11764705882352941,37834.654942015535
192.168.1.100,202.62.64.138,64044,443,6,6,384,0.047060489654541016,2026-06-27 12:02:02,64.0,127.49548600204675,0,6,1,2,0.0,8159.711104130992
192.168.1.1,192.168.1.100,53,58322,17,2,648,0.009907960891723633,2026-06-27 12:02:02,324.0,201.85788194527998,0,0,0,0,0.0,65401.95375027071
192.168.1.100,202.62.64.137,60496,443,6,13,3413,0.17309880256652832,2026-06-27 12:02:03,262.53846153846155,75.10161715303383,2,12,0,0,0.15384615384615385,19717.063026408036
192.168.1.100,23.37.84.8,49225,443,6,1,55,0.001,2026-06-27 12:02:04,55.0,1000.0,0,1,0,0,0.0,55000.0
103.190.198.74,192.168.1.100,443,59981,6,2169,2215083,319.36750864982605,2026-06-27 12:07:23,1021.2461964038728,6.791548736970057,0,2169,0,0,0.0,6935.843315322197
192.168.1.100,20.184.175.14,63248,443,6,17,15146,0.42456579208374023,2026-06-27 12:02:38,890.9411764705883,40.04090842214383,0,17,0,0,0.0,35674.09405657591
192.168.1.100,74.125.130.119,59763,443,6,2,121,0.09160423278808594,2026-06-27 12:04:16,60.5,21.83305224144752,0,2,0,0,0.0,1320.899660607575
108.132.162.28,192.168.1.100,443,50855,6,2,121,0.16102218627929688,2026-06-27 12:06:52,60.5,12.420648646087512,0,2,0,0,0.0,751.4492430882946
192.168.1.1,192.168.1.100,53,54494,6,9,696,0.10689997673034668,2026-06-27 12:06:53,77.33333333333333,84.19085088018628,2,8,2,0,0.2222222222222222,6510.759134734405
192.168.1.1,192.168.1.100,53,62012,6,9,630,0.11037635803222656,2026-06-27 12:06:53,70.0,81.5392006082704,2,8,2,0,0.2222222222222222,5707.744042578928
192.168.1.100,20.33.105.0,49669,443,6,2,114,0.001,2026-06-27 12:09:25,57.0,2000.0,0,2,0,0,0.0,114000.0
103.190.198.72,192.168.1.100,443,50872,6,3524,3613000,427.9411242008209,2026-06-27 12:16:33,1025.255391600454,8.234777638118006,0,3524,0,0,0.0,8442.750172111337
192.168.1.100,64.233.170.119,54913,443,6,1,221,0.001,2026-06-27 12:09:26,221.0,1000.0,0,1,0,0,0.0,221000.0
142.251.221.174,192.168.1.100,443,63084,6,30,13844,1254.8400182724,2026-06-27 12:30:54,461.46666666666664,0.02390743008124851,0,30,0,0,0.0,11.032482068160144
172.253.118.138,192.168.1.100,443,54356,6,2,121,0.0894937515258789,2026-06-27 12:11:37,60.5,22.347928943638706,0,2,0,0,0.0,1352.0497010901418
142.250.67.46,192.168.1.100,443,52674,6,2,121,0.001,2026-06-27 12:12:06,60.5,2000.0,0,2,0,0,0.0,121000.0
192.168.1.1,192.168.1.255,22251,20002,17,1,369,0.001,2026-06-27 12:12:40,369.0,1000.0,0,0,0,0,0.0,369000.0
192.168.1.100,35.244.233.98,59775,443,17,12,3330,36.41095042228699,2026-06-27 12:13:49,277.5,0.32957118286741705,0,0,0,0,0.0,91.45600324570823
192.168.1.100,35.241.24.90,56756,443,17,62,46101,36.47709679603577,2026-06-27 12:13:50,743.5645161290323,1.699696671220227,0,0,0,0,0.0,1263.834132901995
192.168.1.1,192.168.1.100,53,54399,17,2,247,0.0011532306671142578,2026-06-27 12:13:13,123.5,1734.258424643374,0,0,0,0,0.0,214180.91544345667
192.168.1.1,192.168.1.100,53,59764,17,2,509,0.006047487258911133,2026-06-27 12:13:13,254.5,330.71586832249164,0,0,0,0,0.0,84167.18848807411
192.168.1.100,216.239.38.223,60432,443,17,20,10119,0.5675520896911621,2026-06-27 12:13:14,505.95,35.23905622633362,0,0,0,0,0.0,17829.200497713493
192.168.1.1,192.168.1.100,53,63304,6,9,689,0.10650968551635742,2026-06-27 12:13:49,76.55555555555556,84.49935755953207,2,8,2,0,0.2222222222222222,6468.895262057511
192.168.1.1,192.168.1.100,53,54088,6,9,648,0.11041045188903809,2026-06-27 12:13:49,72.0,81.51402196093674,2,8,2,0,0.2222222222222222,5869.009581187445
192.168.1.100,192.178.168.94,58491,443,6,25,11007,0.22433042526245117,2026-06-27 12:13:50,440.28,111.4427522292249,2,24,0,0,0.08,49066.014951483136
192.168.1.100,35.190.26.106,64780,443,6,10,675,564.987331867218,2026-06-27 12:23:46,67.5,0.01769951189339264,0,10,2,0,0.0,1.1947170528040032
142.251.220.110,192.168.1.100,443,60130,6,8,554,99.41186428070068,2026-06-27 12:16:33,69.25,0.08047329217578188,0,8,2,0,0.0,5.572775483172895
192.168.1.100,54.72.221.123,56665,443,6,18,7035,1484.3198845386505,2026-06-27 12:39:38,390.8333333333333,0.01212676606134309,0,18,0,0,0.0,4.739544402308257
192.168.1.100,34.82.207.224,49330,443,6,2,114,0.001,2026-06-27 12:15:28,57.0,2000.0,0,2,0,0,0.0,114000.0
192.168.1.100,192.178.211.84,56714,443,6,6,433,0.04052090644836426,2026-06-27 12:16:33,72.16666666666667,148.0717122566296,0,6,2,0,0.0,10685.84190118677
192.168.1.100,216.239.34.223,57292,443,6,2,121,0.0016074180603027344,2026-06-27 12:16:33,60.5,1244.2313853455948,0,2,0,0,0.0,75275.99881340849
140.82.112.25,192.168.1.100,443,65135,6,9,1497,825.3460578918457,2026-06-27 12:30:19,166.33333333333334,0.010904516855618605,0,9,0,0,0.0,1.8137846369845612
142.250.183.170,192.168.1.100,443,64159,17,12,1065,825.1791322231293,2026-06-27 12:30:19,88.75,0.014542296976985584,0,0,0,0,0.0,1.2906288567074706
192.168.1.100,199.232.192.193,50956,443,6,2,121,0.21080946922302246,2026-06-27 12:17:07,60.5,9.48723986342441,0,2,0,0,0.0,573.9780117371768
192.168.1.1,192.168.1.100,53,60655,17,2,573,0.0071887969970703125,2026-06-27 12:17:39,286.5,278.21066595914033,0,0,0,0,0.0,79707.35579729371
192.168.1.1,192.168.1.100,53,61169,17,2,199,0.0011758804321289062,2026-06-27 12:17:39,99.5,1700.853203568532,0,0,0,0,0.0,169234.89375506894
192.168.1.1,192.168.1.100,53,55495,17,2,573,0.005834341049194336,2026-06-27 12:17:39,286.5,342.797924073393,0,0,0,0,0.0,98211.6052470271
172.217.194.119,192.168.1.100,443,53013,6,33,18454,0.6611816883087158,2026-06-27 12:17:39,559.2121212121212,49.910638155168925,2,32,0,0,0.06060606060606061,27910.633833802647
192.168.1.1,192.168.1.255,34088,20002,17,1,369,0.001,2026-06-27 12:17:40,369.0,1000.0,0,0,0,0,0.0,369000.0
151.101.129.91,192.168.1.100,443,50799,6,2,121,0.03370165824890137,2026-06-27 12:18:45,60.5,59.344260903399245,0,2,0,0,0.0,3590.3277846556543
192.168.1.1,192.168.1.255,44373,20002,17,1,369,0.001,2026-06-27 12:20:10,369.0,1000.0,0,0,0,0,0.0,369000.0
172.217.144.165,192.168.1.100,443,55818,6,2,114,0.001,2026-06-27 12:22:00,57.0,2000.0,0,2,1,0,0.0,114000.0
103.190.198.72,192.168.1.100,443,62360,6,1664,1646732,1.0903122425079346,2026-06-27 12:23:10,989.6225961538462,1526.1683168598288,0,1664,0,0,0.0,1510330.6518985694
192.168.1.1,192.168.1.255,54678,20002,17,1,369,0.001,2026-06-27 12:23:10,369.0,1000.0,0,0,0,0,0.0,369000.0
192.168.1.100,23.65.124.17,53769,443,6,7,438,0.020802974700927734,2026-06-27 12:23:11,62.57142857142857,336.49033855181426,0,7,2,1,0.0,21054.681183670662
192.168.1.100,3.71.145.122,60457,443,6,13,2517,692.9952068328857,2026-06-27 12:35:18,193.6153846153846,0.018759148507552264,0,13,0,0,0.0,3.6320597533468497
184.34.172.186,192.168.1.100,443,50294,6,1,55,0.001,2026-06-27 12:23:45,55.0,1000.0,0,1,0,0,0.0,55000.0
192.168.1.100,3.71.145.122,54174,443,6,8,1476,693.1879696846008,2026-06-27 12:35:53,184.5,0.011540881189325869,0,8,0,0,0.0,2.1292925794306226
192.168.1.100,20.202.56.69,51609,50234,17,1231,791951,407.2415015697479,2026-06-27 12:35:54,643.3395613322502,3.0227763998880346,0,0,0,0,0.0,1944.6716431094467
103.190.198.73,192.168.1.100,443,56881,6,584,582734,0.38756275177001953,2026-06-27 12:29:42,997.832191780822,1506.852754380655,0,584,0,0,0.0,1503586.1865946176
103.190.198.73,192.168.1.100,443,59459,6,1803,1815525,714.176299571991,2026-06-27 12:43:26,1006.9467554076539,2.5245867177061827,0,1803,0,0,0.0,2542.1244041394993
192.168.1.1,192.168.1.100,53,62243,6,9,755,0.31610846519470215,2026-06-27 12:32:07,83.88888888888889,28.47124006772988,2,8,2,0,0.2222222222222222,2388.4206945706733
192.168.1.1,192.168.1.100,53,60676,6,9,705,0.3166322708129883,2026-06-27 12:32:07,78.33333333333333,28.42414001861373,2,8,2,0,0.2222222222222222,2226.557634791409
142.250.67.46,192.168.1.100,443,59641,6,2,121,0.05017209053039551,2026-06-27 12:32:07,60.5,39.8627997928121,0,2,0,0,0.0,2411.699387465132
192.168.1.100,3.79.228.117,59463,443,6,4,253,35.03210496902466,2026-06-27 12:32:43,63.25,0.11418097780698006,0,4,1,1,0.0,7.221946846291488
192.168.1.100,20.33.3.2,54398,443,6,3,777,0.004748344421386719,2026-06-27 12:32:43,259.0,631.7991564571199,0,3,0,1,0.0,163635.98152239405
192.168.1.100,3.79.228.117,53373,443,6,1,54,0.001,2026-06-27 12:32:44,54.0,1000.0,0,1,0,1,0.0,54000.0
192.168.1.100,192.178.211.84,61370,443,6,2,121,0.034742116928100586,2026-06-27 12:33:58,60.5,57.567015969091194,0,2,0,0,0.0,3482.8044661300173
192.168.1.101,224.0.0.251,5353,5353,17,1,583,0.001,2026-06-27 12:37:45,583.0,1000.0,0,0,0,0,0.0,583000.0
192.168.1.100,3.71.145.122,58248,443,6,4,737,0.23947453498840332,2026-06-27 12:38:24,184.25,16.70323736172492,0,4,0,0,0.0,3077.5714838978165
192.168.1.100,3.71.145.122,53765,443,6,4,738,0.23782896995544434,2026-06-27 12:39:00,184.5,16.818808914445423,0,4,0,0,0.0,3103.0702447151807
140.82.114.26,192.168.1.100,443,52730,6,2,181,0.05411410331726074,2026-06-27 12:39:37,90.5,36.95894189125483,0,2,0,0,0.0,3344.784241158562
192.168.1.100,20.33.3.2,57266,443,6,4,228,307.1849880218506,2026-06-27 12:44:45,57.0,0.013021469655006297,0,4,0,0,0.0,0.7422237703353589
192.168.1.100,3.71.145.122,59437,443,6,6,1103,153.99584698677063,2026-06-27 12:44:05,183.83333333333334,0.038962089675804334,0,6,0,0,0.0,7.162530818735363
192.168.1.100,3.71.145.122,54891,443,6,4,738,0.2026653289794922,2026-06-27 12:42:07,184.5,19.736972377770456,0,4,0,0,0.0,3641.4714036986493
192.168.1.1,192.168.1.100,53,58886,6,10,809,0.1508944034576416,2026-06-27 12:42:07,80.9,66.27151021414227,2,9,2,1,0.2,5361.36517632411
192.168.1.1,192.168.1.100,53,61524,6,9,705,0.10914492607116699,2026-06-27 12:42:07,78.33333333333333,82.45916987594667,2,8,2,0,0.2222222222222222,6459.30164028249
140.82.113.22,192.168.1.100,443,56191,6,1,54,0.001,2026-06-27 12:42:07,54.0,1000.0,0,1,0,1,0.0,54000.0
108.132.162.28,192.168.1.100,443,56372,6,44,21707,603.4507353305817,2026-06-27 12:52:10,493.34090909090907,0.07291398853942231,2,43,0,0,0.045454545454545456,35.97145339148273
192.168.1.1,192.168.1.100,53,54483,6,9,615,0.12886452674865723,2026-06-27 12:42:07,68.33333333333333,69.84078727541504,2,8,2,0,0.2222222222222222,4772.453797153361
192.168.1.1,192.168.1.100,53,60237,6,9,718,0.12272071838378906,2026-06-27 12:42:07,79.77777777777777,73.33724996503007,2,8,2,0,0.2222222222222222,5850.68283054351
192.168.1.1,192.168.1.100,53,53430,6,9,615,0.12239718437194824,2026-06-27 12:42:07,68.33333333333333,73.53110323723,2,8,2,0,0.2222222222222222,5024.625387877383
192.168.1.1,192.168.1.100,53,54242,6,9,718,0.11910438537597656,2026-06-27 12:42:07,79.77777777777777,75.56396829209704,2,8,2,0,0.2222222222222222,6028.3254704139645
142.251.157.119,192.168.1.100,443,50631,17,67,45534,0.3824136257171631,2026-06-27 12:42:07,679.6119402985074,175.20296217047942,0,0,0,0,0.0,119070.02506672552
142.251.157.119,192.168.1.100,443,50160,17,25,12121,1.037886142730713,2026-06-27 12:42:08,484.84,24.08742054713648,0,0,0,0,0.0,11678.54497807365
142.250.67.46,192.168.1.100,443,52393,6,2,121,0.04224252700805664,2026-06-27 12:42:08,60.5,47.345652394766844,0,2,0,0,0.0,2864.4119698833942
140.82.113.22,192.168.1.100,443,56763,6,7,477,0.32275962829589844,2026-06-27 12:43:24,68.14285714285714,21.687966481305292,0,7,2,1,0.0,1477.8800016546604
142.250.77.110,192.168.1.100,443,63552,6,225,198279,529.909157037735,2026-06-27 12:52:52,881.24,0.4246010792826848,0,225,0,0,0.0,374.17545510707316
172.253.118.113,192.168.1.100,443,55572,6,70,56553,0.5632381439208984,2026-06-27 12:44:03,807.9,124.2813555074687,1,70,0,0,0.014285714285714285,100406.90711448397
192.168.1.1,192.168.1.100,53,60914,17,3,567,0.32114744186401367,2026-06-27 12:44:05,189.0,9.341503648876383,0,0,0,0,0.0,1765.5441896376365
192.168.1.1,192.168.1.100,53,64702,17,2,282,0.003027200698852539,2026-06-27 12:44:04,141.0,660.6763802473025,0,0,0,0,0.0,93155.36961486965
192.168.1.1,192.168.1.100,53,56748,17,2,496,0.005766630172729492,2026-06-27 12:44:04,248.0,346.82300409310784,0,0,0,0,0.0,86012.10501509075
103.190.198.74,192.168.1.100,443,63887,6,1527,1549360,740.4376313686371,2026-06-27 12:56:25,1014.6430910281598,2.062293885816511,2,1526,0,0,0.0013097576948264572,2092.49224291334
172.217.24.10,192.168.1.100,443,59892,17,15,1648,570.1552846431732,2026-06-27 12:53:35,109.86666666666666,0.026308622236813295,0,0,0,0,0.0,2.8904406297512204
192.168.1.100,3.71.145.122,59876,443,6,8,1474,283.177453994751,2026-06-27 12:50:49,184.25,0.028250836664942575,0,8,0,0,0.0,5.205216655515669
192.168.1.1,192.168.1.100,53,57504,17,2,355,0.0028116703033447266,2026-06-27 12:47:28,177.5,711.3209531077758,0,0,0,0,0.0,126259.4691766302
192.168.1.1,192.168.1.100,53,60114,17,2,395,0.00574040412902832,2026-06-27 12:47:28,197.5,348.40752585455,0,0,0,0,0.0,68810.48635627363
13.107.213.72,192.168.1.100,443,61586,6,95,81208,0.15938949584960938,2026-06-27 12:47:28,854.8210526315789,596.0242203767083,2,94,0,0,0.021052631578947368,509494.0514563339
192.168.1.100,52.85.118.31,54690,443,17,2,2484,0.001,2026-06-27 12:47:28,1242.0,2000.0,0,0,0,0,0.0,2484000.0
192.168.1.100,3.71.145.122,58403,443,6,9,1530,367.19873905181885,2026-06-27 12:54:17,170.0,0.024509888087415044,0,9,0,0,0.0,4.166680974860557
192.168.1.1,192.168.1.100,53,54869,6,9,696,0.13240361213684082,2026-06-27 12:50:48,77.33333333333333,67.97397634966624,2,8,2,0,0.2222222222222222,5256.6541710408555
192.168.1.1,192.168.1.100,53,54431,6,9,630,0.3930487632751465,2026-06-27 12:50:48,70.0,22.897922194197868,2,8,2,0,0.2222222222222222,1602.8545535938506
192.168.1.100,20.42.73.28,63025,443,6,2,108,0.4696471691131592,2026-06-27 12:51:30,54.0,4.258516034018955,0,2,2,0,0.0,229.95986583702356
142.250.67.46,192.168.1.100,443,49669,6,2,121,0.04143857955932617,2026-06-27 12:52:09,60.5,48.264202616710584,0,2,0,0,0.0,2919.9842583109903
192.168.1.1,192.168.1.100,53,60283,6,9,755,0.3786640167236328,2026-06-27 12:52:10,83.88888888888889,23.767771962786295,2,8,2,0,0.2222222222222222,1993.851981322628
192.168.1.1,192.168.1.100,53,52780,6,9,705,0.1318984031677246,2026-06-27 12:52:10,78.33333333333333,68.23433630622065,2,8,2,0,0.2222222222222222,5345.023010653951
192.168.1.1,192.168.1.255,27009,20002,17,1,369,0.001,2026-06-27 12:52:10,369.0,1000.0,0,0,0,0,0.0,369000.0
192.168.1.100,3.71.145.122,62529,443,6,11,1905,1023.2492473125458,2026-06-27 13:09:55,173.1818181818182,0.010750068987483078,0,11,0,0,0.0,1.8617164928322967
192.168.1.100,20.135.6.11,52121,443,6,19,15803,0.276749849319458,2026-06-27 12:54:59,831.7368421052631,68.65405725322694,0,19,0,0,0.0,57102.10877751291
192.168.1.1,192.168.1.100,53,55237,17,2,472,0.03410649299621582,2026-06-27 12:54:59,236.0,58.6398607509105,0,0,0,0,0.0,13839.007137214878
192.168.1.100,20.60.237.161,52122,443,6,66,140279,1.3946423530578613,2026-06-27 12:55:00,2125.439393939394,47.32396076692343,2,65,0,0,0.030303030303030304,100584.21049126139
192.168.1.1,192.168.1.100,53,52065,17,2,247,0.006947755813598633,2026-06-27 12:56:24,123.5,287.86273635084586,0,0,0,0,0.0,35551.047939329466
192.168.1.1,192.168.1.100,53,62732,17,2,509,0.009877681732177734,2026-06-27 12:56:24,254.5,202.47665942553704,0,0,0,0,0.0,51530.30982379918
192.168.1.100,216.239.32.223,60274,443,17,23,12779,0.44251394271850586,2026-06-27 12:56:25,555.6086956521739,51.97576342725742,0,0,0,0,0.0,28878.186123344458
103.190.198.74,192.168.1.100,443,62624,6,2062,2060970,1.6540555953979492,2026-06-27 13:04:43,999.5004849660523,1246.6328252430376,0,2062,0,0,0.0,1246010.113405016
140.82.114.26,192.168.1.100,443,58212,6,3,181,404.70836758613586,2026-06-27 13:11:28,60.333333333333336,0.007412745177208368,0,3,0,0,0.0,0.44723562569157155
18.97.36.54,192.168.1.100,443,64131,6,7,799,356.5681550502777,2026-06-27 13:10:40,114.14285714285714,0.019631590485170974,0,7,0,0,0.0,2.2408058282359438
192.168.1.100,3.71.145.122,53779,443,6,20,3690,176.09901237487793,2026-06-27 13:07:40,184.5,0.1135724711358641,0,20,0,0,0.0,20.95412092456693
142.250.183.142,192.168.1.100,443,64482,6,11,4709,0.20951604843139648,2026-06-27 13:05:26,428.09090909090907,52.50194475485164,0,11,0,0,0.0,22475.605259145126
192.168.1.1,192.168.1.100,53,58653,6,9,696,0.1274271011352539,2026-06-27 13:06:12,77.33333333333333,70.62861761602191,2,8,2,0,0.2222222222222222,5461.946428972361
192.168.1.1,192.168.1.100,53,62480,6,9,630,0.12732434272766113,2026-06-27 13:06:12,70.0,70.68561916121917,2,8,2,0,0.2222222222222222,4947.993341285342
192.168.1.1,192.168.1.100,53,62940,6,9,650,0.3895261287689209,2026-06-27 13:07:40,72.22222222222223,23.104996905969,2,8,2,0,0.2222222222222222,1668.6942209866502
192.168.1.1,192.168.1.100,53,58834,6,9,616,0.3935227394104004,2026-06-27 13:07:40,68.44444444444444,22.870342927283808,2,8,2,0,0.2222222222222222,1565.3479159118697
192.168.1.100,192.178.211.84,64725,443,17,25,13143,0.6346969604492188,2026-06-27 13:07:40,525.72,39.38887620055054,0,0,0,0,0.0,20707.51999615343
192.168.1.1,192.168.1.255,21152,20002,17,1,369,0.001,2026-06-27 13:07:40,369.0,1000.0,0,0,0,0,0.0,369000.0
192.168.1.1,192.168.1.255,43402,20002,17,1,369,0.001,2026-06-27 13:09:10,369.0,1000.0,0,0,0,0,0.0,369000.0
192.168.1.1,192.168.1.255,20765,20002,17,1,369,0.001,2026-06-27 13:10:40,369.0,1000.0,0,0,0,0,0.0,369000.0
192.168.0.105,239.255.255.250,53452,1900,17,1,167,0.001,2026-06-27 13:10:40,167.0,1000.0,0,0,0,0,0.0,167000.0
192.168.0.116,239.255.255.250,51587,1900,17,2,424,1.0084896087646484,2026-06-27 13:10:41,212.0,1.9831637159354616,0,0,0,0,0.0,420.43070777831787
192.168.1.100,3.71.145.122,61181,443,6,4,738,0.18237900733947754,2026-06-27 13:12:15,184.5,21.932348784827305,0,4,0,0,0.0,4046.5183508006376
192.168.1.1,192.168.1.100,53,54868,17,2,469,0.0038988590240478516,2026-06-27 13:12:16,234.5,512.9705864367394,0,0,0,0,0.0,120291.60251941539
192.168.1.100,72.25.64.11,60673,443,6,4,721,0.2905430793762207,2026-06-27 13:12:16,180.25,13.767321557229208,2,3,0,0,0.5,2481.5597106905648
103.190.198.72,192.168.1.100,443,60161,6,2406,2488267,47.86875629425049,2026-06-27 13:14:34,1034.1924355777223,50.262429740398005,0,2406,0,0,0.0,51981.02463127636
192.168.1.100,54.192.26.193,65223,80,6,3,168,0.0212857723236084,2026-06-27 13:13:49,56.0,140.93921302881978,0,3,2,0,0.0,7892.595929613907
172.217.24.10,192.168.1.100,443,61881,17,10,1120,0.13384222984313965,2026-06-27 13:14:35,112.0,74.71483411266978,0,0,0,0,0.0,8368.061420619017
